"From","To","RelMigration"
2,1,0.379014013490223
3,1,0.376382663032366
4,1,0.566288247188618
1,2,0.337267868400618
3,2,0.520387549466026
4,2,0.849001939688209
1,3,0.335360021625944
2,3,0.488220764587771
4,3,0.813371482947479
1,4,0.452031519953294
2,4,1
3,4,0.906923228356554
